,access_time,comments,is_vid,num_likes,post_time,url,view_count
0,2018-02-12 17:32:16.805373,"Oh my God ğŸ’•ğŸ¤£ğŸ¤£
Follow us @@animalifestory
Video by @sanderszoo",True,"7,927",2018-02-10T07:15:08.000Z,https://www.instagram.com/p/BfAeWPMn1AV/,"52,148"
1,2018-02-12 17:32:16.805373,#cat #cats #catsofinstagram #catstagram #catsofworld #catslover #catsagram #catgram #catlovers #catslovers #catagram #catoftheday #caturday #catsofig #catlover #catslife #catsgram #catsoninstagram #catsofinsta #catsoftheday #kitten #kittens #kittenlove #cutecat #meow #kittycat #meowmeow #kittygram #ilovemycat,True,"7,927",2018-02-10T07:15:08.000Z,https://www.instagram.com/p/BfAeWPMn1AV/,"52,148"
2,2018-02-12 17:32:16.805373,ğŸ˜‚ ğŸ‘,True,"7,927",2018-02-10T07:15:08.000Z,https://www.instagram.com/p/BfAeWPMn1AV/,"52,148"
3,2018-02-12 17:32:16.805373,KissedğŸ‘ğŸ‘lovesğŸ‘ğŸ‘ğŸ˜ŠğŸ˜Š,True,"7,927",2018-02-10T07:15:08.000Z,https://www.instagram.com/p/BfAeWPMn1AV/,"52,148"
4,2018-02-12 17:32:16.805373,@tkngkc @silaozkannn,True,"7,927",2018-02-10T07:15:08.000Z,https://www.instagram.com/p/BfAeWPMn1AV/,"52,148"
5,2018-02-12 17:32:16.805373,@emily__meadows @chief_merridew,True,"7,927",2018-02-10T07:15:08.000Z,https://www.instagram.com/p/BfAeWPMn1AV/,"52,148"
6,2018-02-12 17:32:16.805373,@saragonzaleza,True,"7,927",2018-02-10T07:15:08.000Z,https://www.instagram.com/p/BfAeWPMn1AV/,"52,148"
7,2018-02-12 17:32:16.805373,Sweet â¤ï¸â¤ï¸â¤ï¸,True,"7,927",2018-02-10T07:15:08.000Z,https://www.instagram.com/p/BfAeWPMn1AV/,"52,148"
8,2018-02-12 17:32:16.805373,@paolo_bellocchi â¤â¤â¤,True,"7,927",2018-02-10T07:15:08.000Z,https://www.instagram.com/p/BfAeWPMn1AV/,"52,148"
9,2018-02-12 17:32:16.805373,Cute,True,"7,927",2018-02-10T07:15:08.000Z,https://www.instagram.com/p/BfAeWPMn1AV/,"52,148"
10,2018-02-12 17:32:16.805373,Never knew this about cats ğŸ¤£ #truelove @lindseylouise20,True,"7,927",2018-02-10T07:15:08.000Z,https://www.instagram.com/p/BfAeWPMn1AV/,"52,148"
11,2018-02-12 17:32:16.805373,@asena_kaya yaaaaa cok tatlilaaarğŸ˜ğŸ˜ğŸ˜,True,"7,927",2018-02-10T07:15:08.000Z,https://www.instagram.com/p/BfAeWPMn1AV/,"52,148"
12,2018-02-12 17:32:16.805373,@angeladeans,True,"7,927",2018-02-10T07:15:08.000Z,https://www.instagram.com/p/BfAeWPMn1AV/,"52,148"
13,2018-02-12 17:32:16.805373,@jeanne_nguyenn,True,"7,927",2018-02-10T07:15:08.000Z,https://www.instagram.com/p/BfAeWPMn1AV/,"52,148"
14,2018-02-12 17:32:16.805373,ğŸ¤£,True,"7,927",2018-02-10T07:15:08.000Z,https://www.instagram.com/p/BfAeWPMn1AV/,"52,148"
15,2018-02-12 17:32:16.805373,Awww!!!ğŸ˜ŠğŸ˜»,True,"7,927",2018-02-10T07:15:08.000Z,https://www.instagram.com/p/BfAeWPMn1AV/,"52,148"
16,2018-02-12 17:32:16.805373,@cuppycake_03,True,"7,927",2018-02-10T07:15:08.000Z,https://www.instagram.com/p/BfAeWPMn1AV/,"52,148"
17,2018-02-12 17:32:16.805373,@marta_nesk ğŸ˜ğŸ˜,True,"7,927",2018-02-10T07:15:08.000Z,https://www.instagram.com/p/BfAeWPMn1AV/,"52,148"
18,2018-02-12 17:32:16.805373,ğŸ˜‚ğŸ˜˜ğŸ˜˜,True,"7,927",2018-02-10T07:15:08.000Z,https://www.instagram.com/p/BfAeWPMn1AV/,"52,148"
19,2018-02-12 17:32:16.805373,Always wash your food before dinnerğŸ˜‚ğŸ˜‚ğŸ˜‚ğŸ˜‚,True,"7,927",2018-02-10T07:15:08.000Z,https://www.instagram.com/p/BfAeWPMn1AV/,"52,148"
20,2018-02-12 17:32:16.805373,@yatz02 ğŸ˜‚,True,"7,927",2018-02-10T07:15:08.000Z,https://www.instagram.com/p/BfAeWPMn1AV/,"52,148"
21,2018-02-12 17:32:16.805373,@gita_chiquita @svetlanalanalang,True,"7,927",2018-02-10T07:15:08.000Z,https://www.instagram.com/p/BfAeWPMn1AV/,"52,148"
22,2018-02-12 17:32:16.805373,ğŸ˜ğŸ˜ğŸ˜,True,"7,927",2018-02-10T07:15:08.000Z,https://www.instagram.com/p/BfAeWPMn1AV/,"52,148"
23,2018-02-12 17:32:16.805373,@claiiree_v trop chou,True,"7,927",2018-02-10T07:15:08.000Z,https://www.instagram.com/p/BfAeWPMn1AV/,"52,148"
24,2018-02-12 17:32:16.805373,Cute ğŸ’“ğŸ’“ğŸ’“,True,"7,927",2018-02-10T07:15:08.000Z,https://www.instagram.com/p/BfAeWPMn1AV/,"52,148"
25,2018-02-12 17:32:16.805373,@angsherwin ğŸ¤£ğŸ¤£ğŸ¤£,True,"7,927",2018-02-10T07:15:08.000Z,https://www.instagram.com/p/BfAeWPMn1AV/,"52,148"
26,2018-02-12 17:32:16.805373,@v.sakota hahaha so strange!!!,True,"7,927",2018-02-10T07:15:08.000Z,https://www.instagram.com/p/BfAeWPMn1AV/,"52,148"
27,2018-02-12 17:32:16.805373,ğŸ˜ğŸ˜‚,True,"7,927",2018-02-10T07:15:08.000Z,https://www.instagram.com/p/BfAeWPMn1AV/,"52,148"
28,2018-02-12 17:32:16.805373,ğŸ˜ğŸ˜ğŸ˜ğŸ˜,True,"7,927",2018-02-10T07:15:08.000Z,https://www.instagram.com/p/BfAeWPMn1AV/,"52,148"
29,2018-02-12 17:32:16.805373,Wkwwk @disaagengpranata @rikoangga_,True,"7,927",2018-02-10T07:15:08.000Z,https://www.instagram.com/p/BfAeWPMn1AV/,"52,148"
30,2018-02-12 17:32:16.805373,A little dog of the pride with a cat... So unusual,True,"7,927",2018-02-10T07:15:08.000Z,https://www.instagram.com/p/BfAeWPMn1AV/,"52,148"
31,2018-02-12 17:32:16.805373,@nayyerazad,True,"7,927",2018-02-10T07:15:08.000Z,https://www.instagram.com/p/BfAeWPMn1AV/,"52,148"
32,2018-02-12 17:32:16.805373,â¤ï¸â¤ï¸â¤ï¸â¤ï¸â¤ï¸,True,"7,927",2018-02-10T07:15:08.000Z,https://www.instagram.com/p/BfAeWPMn1AV/,"52,148"
33,2018-02-12 17:32:16.805373,@sofiani_abdilah,True,"7,927",2018-02-10T07:15:08.000Z,https://www.instagram.com/p/BfAeWPMn1AV/,"52,148"
34,2018-02-12 17:32:16.805373,@julia_terradot,True,"7,927",2018-02-10T07:15:08.000Z,https://www.instagram.com/p/BfAeWPMn1AV/,"52,148"
35,2018-02-12 17:32:16.805373,So cuteğŸ˜ğŸ˜‚,True,"7,927",2018-02-10T07:15:08.000Z,https://www.instagram.com/p/BfAeWPMn1AV/,"52,148"
36,2018-02-12 17:32:16.805373,So sweet ğŸ˜ŠğŸ˜ğŸ’•,True,"7,927",2018-02-10T07:15:08.000Z,https://www.instagram.com/p/BfAeWPMn1AV/,"52,148"
37,2018-02-12 17:32:16.805373,No way!ğŸ˜‚ğŸ˜‚ğŸ˜‚,True,"7,927",2018-02-10T07:15:08.000Z,https://www.instagram.com/p/BfAeWPMn1AV/,"52,148"
38,2018-02-12 17:32:16.805373,ğŸ˜˜ğŸ˜˜ğŸ˜˜ğŸ˜˜ğŸ˜˜ğŸ˜˜ğŸ˜ğŸ˜ğŸ˜ğŸ˜ğŸ˜ğŸ˜ğŸ˜ğŸ˜â¤ï¸â¤ï¸â¤ï¸â¤ï¸â¤ï¸â¤ï¸â¤ï¸ğŸ‘,True,"7,927",2018-02-10T07:15:08.000Z,https://www.instagram.com/p/BfAeWPMn1AV/,"52,148"
39,2018-02-12 17:32:16.805373,ArkadaÅŸÄ±nÄ± temizliyor ğŸ˜‚ğŸ˜‚ğŸ˜‚â¤ï¸â¤ï¸â¤ï¸ğŸ˜ğŸ˜ğŸ˜ğŸ¤—ğŸ¤—ğŸ¤—,True,"7,927",2018-02-10T07:15:08.000Z,https://www.instagram.com/p/BfAeWPMn1AV/,"52,148"
40,2018-02-12 17:32:16.805373,Cute cat ğŸ± cute animal,True,"7,927",2018-02-10T07:15:08.000Z,https://www.instagram.com/p/BfAeWPMn1AV/,"52,148"
41,2018-02-12 17:32:16.805373,@aueta513,True,"7,927",2018-02-10T07:15:08.000Z,https://www.instagram.com/p/BfAeWPMn1AV/,"52,148"
42,2018-02-12 17:32:16.805373,@thachnguyen181,True,"7,927",2018-02-10T07:15:08.000Z,https://www.instagram.com/p/BfAeWPMn1AV/,"52,148"
43,2018-02-12 17:32:16.805373,@arshaatikah @n.effiana,True,"7,927",2018-02-10T07:15:08.000Z,https://www.instagram.com/p/BfAeWPMn1AV/,"52,148"
44,2018-02-12 17:32:16.805373,@istinurwasliah17 sweettt ğŸ˜ğŸ˜ğŸ˜,True,"7,927",2018-02-10T07:15:08.000Z,https://www.instagram.com/p/BfAeWPMn1AV/,"52,148"
45,2018-02-12 17:32:16.805373,@arshaatikah ğŸ˜ğŸ˜ğŸ˜˜,True,"7,927",2018-02-10T07:15:08.000Z,https://www.instagram.com/p/BfAeWPMn1AV/,"52,148"
46,2018-02-12 17:32:16.805373,@silkiro,True,"7,927",2018-02-10T07:15:08.000Z,https://www.instagram.com/p/BfAeWPMn1AV/,"52,148"
47,2018-02-12 17:32:16.805373,LOL,True,"7,927",2018-02-10T07:15:08.000Z,https://www.instagram.com/p/BfAeWPMn1AV/,"52,148"
48,2018-02-12 17:32:16.805373,ğŸ¤—ğŸ¤—ğŸ¤—,True,"7,927",2018-02-10T07:15:08.000Z,https://www.instagram.com/p/BfAeWPMn1AV/,"52,148"
49,2018-02-12 17:32:16.805373,@pouryaheydari,True,"7,927",2018-02-10T07:15:08.000Z,https://www.instagram.com/p/BfAeWPMn1AV/,"52,148"
50,2018-02-12 17:32:16.805373,Dkh tera khyl rkhti hui mai @rini_ghoshal,True,"7,927",2018-02-10T07:15:08.000Z,https://www.instagram.com/p/BfAeWPMn1AV/,"52,148"
51,2018-02-12 17:32:16.805373,â¤ï¸â¤ï¸â¤ï¸â¤ï¸â¤ï¸â¤ï¸,True,"7,927",2018-02-10T07:15:08.000Z,https://www.instagram.com/p/BfAeWPMn1AV/,"52,148"
52,2018-02-12 17:32:16.805373,@marianaa4 ğŸ˜‚ğŸ˜‚ğŸ˜‚,True,"7,927",2018-02-10T07:15:08.000Z,https://www.instagram.com/p/BfAeWPMn1AV/,"52,148"
53,2018-02-12 17:32:16.805373,Muke si tikus nikmatin bener anjay @ang___ga,True,"7,927",2018-02-10T07:15:08.000Z,https://www.instagram.com/p/BfAeWPMn1AV/,"52,148"
54,2018-02-12 17:32:16.805373,@femme_jung,True,"7,927",2018-02-10T07:15:08.000Z,https://www.instagram.com/p/BfAeWPMn1AV/,"52,148"
55,2018-02-12 17:32:16.805373,@cintamjoshua astagfirullah. Jangan ngeres jangan ngeres jangan ngeres,True,"7,927",2018-02-10T07:15:08.000Z,https://www.instagram.com/p/BfAeWPMn1AV/,"52,148"
56,2018-02-12 17:32:16.805373,@ang___ga kamu yg ngeres ew wkwkkwkwk,True,"7,927",2018-02-10T07:15:08.000Z,https://www.instagram.com/p/BfAeWPMn1AV/,"52,148"
57,2018-02-12 17:32:16.805373,@leenaghoshal han. ğŸ˜mongoose hai yeh na?,True,"7,927",2018-02-10T07:15:08.000Z,https://www.instagram.com/p/BfAeWPMn1AV/,"52,148"
58,2018-02-12 17:32:16.805373,Kkkkkkkkkkkk,True,"7,927",2018-02-10T07:15:08.000Z,https://www.instagram.com/p/BfAeWPMn1AV/,"52,148"
59,2018-02-12 17:32:16.805373,@marceromero06,True,"7,927",2018-02-10T07:15:08.000Z,https://www.instagram.com/p/BfAeWPMn1AV/,"52,148"
60,2018-02-12 17:32:16.805373,@cintamjoshua nahan ini,True,"7,927",2018-02-10T07:15:08.000Z,https://www.instagram.com/p/BfAeWPMn1AV/,"52,148"
61,2018-02-12 17:32:16.805373,@filtrosofia,True,"7,927",2018-02-10T07:15:08.000Z,https://www.instagram.com/p/BfAeWPMn1AV/,"52,148"
62,2018-02-12 17:32:16.805373,@ejmfernandez,True,"7,927",2018-02-10T07:15:08.000Z,https://www.instagram.com/p/BfAeWPMn1AV/,"52,148"
63,2018-02-12 17:32:16.805373,@ang___ga nahan naon astagfirullah,True,"7,927",2018-02-10T07:15:08.000Z,https://www.instagram.com/p/BfAeWPMn1AV/,"52,148"
64,2018-02-12 17:32:16.805373,@_mailopez_,True,"7,927",2018-02-10T07:15:08.000Z,https://www.instagram.com/p/BfAeWPMn1AV/,"52,148"
65,2018-02-12 17:32:16.805373,ğŸ˜ğŸ˜ğŸ˜ğŸ’™ğŸ’™ğŸ’™ğŸ’™ğŸ’™,True,"7,927",2018-02-10T07:15:08.000Z,https://www.instagram.com/p/BfAeWPMn1AV/,"52,148"
66,2018-02-12 17:32:16.805373,@cintamjoshua aya aya naon sia,True,"7,927",2018-02-10T07:15:08.000Z,https://www.instagram.com/p/BfAeWPMn1AV/,"52,148"
67,2018-02-12 17:32:16.805373,@ang___ga mong naon sateh,True,"7,927",2018-02-10T07:15:08.000Z,https://www.instagram.com/p/BfAeWPMn1AV/,"52,148"
68,2018-02-12 17:32:16.805373,@georgetik,True,"7,927",2018-02-10T07:15:08.000Z,https://www.instagram.com/p/BfAeWPMn1AV/,"52,148"
69,2018-02-12 17:32:16.805373,@mamibutt,True,"7,927",2018-02-10T07:15:08.000Z,https://www.instagram.com/p/BfAeWPMn1AV/,"52,148"
70,2018-02-12 17:32:16.805373,Bellos,True,"7,927",2018-02-10T07:15:08.000Z,https://www.instagram.com/p/BfAeWPMn1AV/,"52,148"
71,2018-02-12 17:32:16.805373,Quanta fofura!!!!!! ğŸ˜ğŸ˜ğŸ˜ğŸ˜ğŸ˜˜ğŸ˜˜ğŸ˜˜ğŸ˜˜,True,"7,927",2018-02-10T07:15:08.000Z,https://www.instagram.com/p/BfAeWPMn1AV/,"52,148"
72,2018-02-12 17:32:16.805373,@arianebarbaud putain Ã§a te rappelle pas quand on Ã©tait dans le sud et que l'autre faisait trop le forceur et qui m'embrassait alors que j'en avais rien Ã  foutre ğŸ˜‚ğŸ˜‚ğŸ˜‚ğŸ˜‚,True,"7,927",2018-02-10T07:15:08.000Z,https://www.instagram.com/p/BfAeWPMn1AV/,"52,148"
73,2018-02-12 17:32:16.805373,@manoon_p1206 mdrrrrr,True,"7,927",2018-02-10T07:15:08.000Z,https://www.instagram.com/p/BfAeWPMn1AV/,"52,148"
74,2018-02-12 17:32:16.805373,@virginiodemichele oddio ğŸ˜,True,"7,927",2018-02-10T07:15:08.000Z,https://www.instagram.com/p/BfAeWPMn1AV/,"52,148"
75,2018-02-12 17:32:16.805373,@_valeriaadc hasta ğŸ˜¢ğŸ˜¢ellos tienen mas vida amorosa que nosotrasğŸ˜‚ğŸ˜‚ğŸ˜‚ğŸ˜‚,True,"7,927",2018-02-10T07:15:08.000Z,https://www.instagram.com/p/BfAeWPMn1AV/,"52,148"
76,2018-02-12 17:32:16.805373,@carollterranova,True,"7,927",2018-02-10T07:15:08.000Z,https://www.instagram.com/p/BfAeWPMn1AV/,"52,148"
77,2018-02-12 17:32:16.805373,You always know -- and say -- exactly what I need to hear when I need to hear it.,True,"7,927",2018-02-10T07:15:08.000Z,https://www.instagram.com/p/BfAeWPMn1AV/,"52,148"
78,2018-02-12 17:32:16.805373,Shyd @rini_ghoshal,True,"7,927",2018-02-10T07:15:08.000Z,https://www.instagram.com/p/BfAeWPMn1AV/,"52,148"
79,2018-02-12 17:32:16.805373,@greenngage,True,"7,927",2018-02-10T07:15:08.000Z,https://www.instagram.com/p/BfAeWPMn1AV/,"52,148"
80,2018-02-12 17:32:16.805373,hahahahahahah,True,"7,927",2018-02-10T07:15:08.000Z,https://www.instagram.com/p/BfAeWPMn1AV/,"52,148"
81,2018-02-12 17:32:16.805373,@athosnoronha kkkkkk,True,"7,927",2018-02-10T07:15:08.000Z,https://www.instagram.com/p/BfAeWPMn1AV/,"52,148"
82,2018-02-12 17:32:16.805373,@meirinoronha kkkkkkk,True,"7,927",2018-02-10T07:15:08.000Z,https://www.instagram.com/p/BfAeWPMn1AV/,"52,148"
83,2018-02-12 17:32:16.805373,@analuisarandazzoo,True,"7,927",2018-02-10T07:15:08.000Z,https://www.instagram.com/p/BfAeWPMn1AV/,"52,148"
84,2018-02-12 17:32:16.805373,@amitshak_ ×¡× ××™ ×¤×™×¨××¥,True,"7,927",2018-02-10T07:15:08.000Z,https://www.instagram.com/p/BfAeWPMn1AV/,"52,148"
85,2018-02-12 17:32:16.805373,Lol. Hahahhahaah,True,"7,927",2018-02-10T07:15:08.000Z,https://www.instagram.com/p/BfAeWPMn1AV/,"52,148"
86,2018-02-12 17:32:16.805373,@destiaradp,True,"7,927",2018-02-10T07:15:08.000Z,https://www.instagram.com/p/BfAeWPMn1AV/,"52,148"
87,2018-02-12 17:32:16.805373,Get a room,True,"7,927",2018-02-10T07:15:08.000Z,https://www.instagram.com/p/BfAeWPMn1AV/,"52,148"
88,2018-02-12 17:32:16.805373,ğŸ˜ğŸ˜,True,"7,927",2018-02-10T07:15:08.000Z,https://www.instagram.com/p/BfAeWPMn1AV/,"52,148"
89,2018-02-12 17:32:16.805373,Omg @winglyfe,True,"7,927",2018-02-10T07:15:08.000Z,https://www.instagram.com/p/BfAeWPMn1AV/,"52,148"
90,2018-02-12 17:32:16.805373,@rafaeljoseneto kkkkkkkkkk,True,"7,927",2018-02-10T07:15:08.000Z,https://www.instagram.com/p/BfAeWPMn1AV/,"52,148"
91,2018-02-12 17:32:16.805373,@antosilvestre oddio ma che animale Ã¨ ğŸ˜,True,"7,927",2018-02-10T07:15:08.000Z,https://www.instagram.com/p/BfAeWPMn1AV/,"52,148"
92,2018-02-12 17:32:16.805373,@christinaluciamilite,True,"7,927",2018-02-10T07:15:08.000Z,https://www.instagram.com/p/BfAeWPMn1AV/,"52,148"
93,2018-02-12 17:32:16.805373,ğŸ˜†ğŸ˜†ğŸ’“ğŸ’“ğŸ’“ğŸ˜»,True,"7,927",2018-02-10T07:15:08.000Z,https://www.instagram.com/p/BfAeWPMn1AV/,"52,148"
94,2018-02-12 17:32:16.805373,@pricampos__ lembrei mto de uma Amiga minha kkkkkk,True,"7,927",2018-02-10T07:15:08.000Z,https://www.instagram.com/p/BfAeWPMn1AV/,"52,148"
95,2018-02-12 17:32:16.805373,@camposleh nÃ£o sou eu nÃ©? ğŸ˜‚ğŸ˜‚ğŸ˜‚ğŸ˜‚,True,"7,927",2018-02-10T07:15:08.000Z,https://www.instagram.com/p/BfAeWPMn1AV/,"52,148"
96,2018-02-12 17:32:16.805373,@edierlopezm mira esta ternura ğŸ˜ğŸ˜,True,"7,927",2018-02-10T07:15:08.000Z,https://www.instagram.com/p/BfAeWPMn1AV/,"52,148"
97,2018-02-12 17:32:16.805373,â¤â¤â¤â¤,True,"7,927",2018-02-10T07:15:08.000Z,https://www.instagram.com/p/BfAeWPMn1AV/,"52,148"
98,2018-02-12 17:32:16.805373,ğŸ˜‚ğŸ˜‚ğŸ˜‚ğŸ˜‚ğŸ˜‚ğŸ˜‚ğŸ˜‚,True,"7,927",2018-02-10T07:15:08.000Z,https://www.instagram.com/p/BfAeWPMn1AV/,"52,148"
99,2018-02-12 17:32:16.805373,Que ternura ğŸ˜jajaj,True,"7,927",2018-02-10T07:15:08.000Z,https://www.instagram.com/p/BfAeWPMn1AV/,"52,148"
100,2018-02-12 17:32:16.805373,@martinocba,True,"7,927",2018-02-10T07:15:08.000Z,https://www.instagram.com/p/BfAeWPMn1AV/,"52,148"
101,2018-02-12 17:32:16.805373,My jaw dropped on this one! ğŸ˜‚,True,"7,927",2018-02-10T07:15:08.000Z,https://www.instagram.com/p/BfAeWPMn1AV/,"52,148"
102,2018-02-12 17:32:16.805373,â¤â¤â¤â¤â¤â¤,True,"7,927",2018-02-10T07:15:08.000Z,https://www.instagram.com/p/BfAeWPMn1AV/,"52,148"
103,2018-02-12 17:32:16.805373,@pricampos__ vc Ã© o castor q nÃ£o deixa o gatinho parar hauahua,True,"7,927",2018-02-10T07:15:08.000Z,https://www.instagram.com/p/BfAeWPMn1AV/,"52,148"
104,2018-02-12 17:32:16.805373,Can I triple love?!?! ğŸ’ğŸ’ğŸ’,True,"7,927",2018-02-10T07:15:08.000Z,https://www.instagram.com/p/BfAeWPMn1AV/,"52,148"
105,2018-02-12 17:32:16.805373,@alx_cv mira esos 2 ğŸ˜‚ğŸ˜‚ğŸ˜‚,True,"7,927",2018-02-10T07:15:08.000Z,https://www.instagram.com/p/BfAeWPMn1AV/,"52,148"
106,2018-02-12 17:32:16.805373,â™¥â™¥â™¥â™¡â™¡â™¡â™¡â™¥â™¥â™¥â™¡â™¥â™¥â™¥,True,"7,927",2018-02-10T07:15:08.000Z,https://www.instagram.com/p/BfAeWPMn1AV/,"52,148"
107,2018-02-12 17:32:16.805373,Kiboboru kya ngata ki eki? @sarahurasa @anitaurasa @lillyerickson_wa_sweden,True,"7,927",2018-02-10T07:15:08.000Z,https://www.instagram.com/p/BfAeWPMn1AV/,"52,148"
108,2018-02-12 17:32:16.805373,Get a room! Hahaha...ğŸ˜‹,True,"7,927",2018-02-10T07:15:08.000Z,https://www.instagram.com/p/BfAeWPMn1AV/,"52,148"
109,2018-02-12 17:32:16.805373,@arash.m.avali,True,"7,927",2018-02-10T07:15:08.000Z,https://www.instagram.com/p/BfAeWPMn1AV/,"52,148"
110,2018-02-12 17:32:16.805373,@virginiodemichele non lo so ma Ã¨ troppo dolce ğŸ˜,True,"7,927",2018-02-10T07:15:08.000Z,https://www.instagram.com/p/BfAeWPMn1AV/,"52,148"
111,2018-02-12 17:32:16.805373,@marcelopancote,True,"7,927",2018-02-10T07:15:08.000Z,https://www.instagram.com/p/BfAeWPMn1AV/,"52,148"
112,2018-02-12 17:32:16.805373,ğŸ˜ğŸ˜ğŸ˜,True,"7,927",2018-02-10T07:15:08.000Z,https://www.instagram.com/p/BfAeWPMn1AV/,"52,148"
113,2018-02-12 17:32:16.805373,â¤â¤â¤â¤,True,"7,927",2018-02-10T07:15:08.000Z,https://www.instagram.com/p/BfAeWPMn1AV/,"52,148"
114,2018-02-12 17:32:16.805373,@kyekuem Eki nkya muriny.....too much PDA he he he,True,"7,927",2018-02-10T07:15:08.000Z,https://www.instagram.com/p/BfAeWPMn1AV/,"52,148"
115,2018-02-12 17:32:16.805373,@duygusanli ğŸ™ˆ,True,"7,927",2018-02-10T07:15:08.000Z,https://www.instagram.com/p/BfAeWPMn1AV/,"52,148"
116,2018-02-12 17:32:16.805373,@burjuv__ ya sonunda bi de vuruyo ğŸ¤¦ğŸ»â€â™€ï¸ğŸ˜„ğŸ˜„,True,"7,927",2018-02-10T07:15:08.000Z,https://www.instagram.com/p/BfAeWPMn1AV/,"52,148"
117,2018-02-12 17:32:16.805373,@rooya_1913,True,"7,927",2018-02-10T07:15:08.000Z,https://www.instagram.com/p/BfAeWPMn1AV/,"52,148"
118,2018-02-12 17:32:16.805373,@lethallindsay omg,True,"7,927",2018-02-10T07:15:08.000Z,https://www.instagram.com/p/BfAeWPMn1AV/,"52,148"
119,2018-02-12 17:32:16.805373,@sanjuro3,True,"7,927",2018-02-10T07:15:08.000Z,https://www.instagram.com/p/BfAeWPMn1AV/,"52,148"
120,2018-02-12 17:32:16.805373,ğŸ˜²ğŸ˜,True,"7,927",2018-02-10T07:15:08.000Z,https://www.instagram.com/p/BfAeWPMn1AV/,"52,148"
121,2018-02-12 17:32:16.805373,Oooh trop mignon j'adore tellement d'amour c'est exceptionnel ğŸ™„ğŸ˜€ğŸ˜ŠğŸ˜ğŸ˜‰ğŸ˜ğŸ˜ğŸ‘…ğŸ‘…â¤â¤ğŸ˜ğŸ˜,True,"7,927",2018-02-10T07:15:08.000Z,https://www.instagram.com/p/BfAeWPMn1AV/,"52,148"
122,2018-02-12 17:32:16.805373,@scott_e_roberts,True,"7,927",2018-02-10T07:15:08.000Z,https://www.instagram.com/p/BfAeWPMn1AV/,"52,148"
123,2018-02-12 17:32:16.805373,@pegi_gh @mahdiavril ğŸ¤¤â¤â¤,True,"7,927",2018-02-10T07:15:08.000Z,https://www.instagram.com/p/BfAeWPMn1AV/,"52,148"
124,2018-02-12 17:32:16.805373,@miliicajovanovic,True,"7,927",2018-02-10T07:15:08.000Z,https://www.instagram.com/p/BfAeWPMn1AV/,"52,148"
125,2018-02-12 17:32:16.805373,@jack_der_kaktus,True,"7,927",2018-02-10T07:15:08.000Z,https://www.instagram.com/p/BfAeWPMn1AV/,"52,148"
126,2018-02-12 17:32:16.805373,@iwc008,True,"7,927",2018-02-10T07:15:08.000Z,https://www.instagram.com/p/BfAeWPMn1AV/,"52,148"
127,2018-02-12 17:32:16.805373,â™¥ï¸â™¥ï¸â™¥ï¸â™¥ï¸â™¥ï¸,True,"7,927",2018-02-10T07:15:08.000Z,https://www.instagram.com/p/BfAeWPMn1AV/,"52,148"
128,2018-02-12 17:32:16.805373,Beautiful couple,True,"7,927",2018-02-10T07:15:08.000Z,https://www.instagram.com/p/BfAeWPMn1AV/,"52,148"
129,2018-02-12 17:32:16.805373,My prairie dog was not that cute,True,"7,927",2018-02-10T07:15:08.000Z,https://www.instagram.com/p/BfAeWPMn1AV/,"52,148"
130,2018-02-12 17:32:16.805373,â¤ï¸ @sarahgregs I just died,True,"7,927",2018-02-10T07:15:08.000Z,https://www.instagram.com/p/BfAeWPMn1AV/,"52,148"
131,2018-02-12 17:32:16.805373,@miiiteixeira,True,"7,927",2018-02-10T07:15:08.000Z,https://www.instagram.com/p/BfAeWPMn1AV/,"52,148"
132,2018-02-12 17:32:16.805373,ğŸ˜‚ğŸ˜‚ğŸ˜‚ğŸ˜‚ğŸ˜ğŸ˜ğŸ˜ğŸ˜˜ğŸ’š,True,"7,927",2018-02-10T07:15:08.000Z,https://www.instagram.com/p/BfAeWPMn1AV/,"52,148"
133,2018-02-12 17:32:16.805373,@sarswain ğŸ˜,True,"7,927",2018-02-10T07:15:08.000Z,https://www.instagram.com/p/BfAeWPMn1AV/,"52,148"
134,2018-02-12 17:32:16.805373,@lamirandachinchilla,True,"7,927",2018-02-10T07:15:08.000Z,https://www.instagram.com/p/BfAeWPMn1AV/,"52,148"
135,2018-02-12 17:32:16.805373,@jabondano140 asÃ­ me ibas a coger contra la pared a darme besos?,True,"7,927",2018-02-10T07:15:08.000Z,https://www.instagram.com/p/BfAeWPMn1AV/,"52,148"
136,2018-02-12 17:32:16.805373,@thugswq this is some kinky shit ğŸ¤£ğŸ¤£ğŸ¤£,True,"7,927",2018-02-10T07:15:08.000Z,https://www.instagram.com/p/BfAeWPMn1AV/,"52,148"
137,2018-02-12 17:32:16.805373,@john_hunt2743,True,"7,927",2018-02-10T07:15:08.000Z,https://www.instagram.com/p/BfAeWPMn1AV/,"52,148"
138,2018-02-12 17:32:16.805373,Get a room,True,"7,927",2018-02-10T07:15:08.000Z,https://www.instagram.com/p/BfAeWPMn1AV/,"52,148"
139,2018-02-12 17:32:16.805373,@fedetowers_,True,"7,927",2018-02-10T07:15:08.000Z,https://www.instagram.com/p/BfAeWPMn1AV/,"52,148"
140,2018-02-12 17:32:16.805373,@nebetfox ajajaja cuanto amor,True,"7,927",2018-02-10T07:15:08.000Z,https://www.instagram.com/p/BfAeWPMn1AV/,"52,148"
141,2018-02-12 17:32:16.805373,@fedetowers_ como quiero que mis hijos se lleven asÃ­ de bien!!.,True,"7,927",2018-02-10T07:15:08.000Z,https://www.instagram.com/p/BfAeWPMn1AV/,"52,148"
142,2018-02-12 17:32:16.805373,Grandes amigos!,True,"7,927",2018-02-10T07:15:08.000Z,https://www.instagram.com/p/BfAeWPMn1AV/,"52,148"
143,2018-02-12 17:32:16.805373,@diwi_mm nÃ£o posso ğŸ˜¹ğŸ˜¹,True,"7,927",2018-02-10T07:15:08.000Z,https://www.instagram.com/p/BfAeWPMn1AV/,"52,148"
144,2018-02-12 17:32:16.805373,An odd couple,True,"7,927",2018-02-10T07:15:08.000Z,https://www.instagram.com/p/BfAeWPMn1AV/,"52,148"
145,2018-02-12 17:32:16.805373,@killfieldhat,True,"7,927",2018-02-10T07:15:08.000Z,https://www.instagram.com/p/BfAeWPMn1AV/,"52,148"
146,2018-02-12 17:32:16.805373,ğŸ’•@taips_,True,"7,927",2018-02-10T07:15:08.000Z,https://www.instagram.com/p/BfAeWPMn1AV/,"52,148"
147,2018-02-12 17:32:16.805373,@whitterry86 @kortnie.house @lisa01king @house_2305 @bayliehouse_backup,True,"7,927",2018-02-10T07:15:08.000Z,https://www.instagram.com/p/BfAeWPMn1AV/,"52,148"
148,2018-02-12 17:32:16.805373,I need the same treatment...,True,"7,927",2018-02-10T07:15:08.000Z,https://www.instagram.com/p/BfAeWPMn1AV/,"52,148"
149,2018-02-12 17:32:16.805373,Wtf... @zamaanrukhasifkhan,True,"7,927",2018-02-10T07:15:08.000Z,https://www.instagram.com/p/BfAeWPMn1AV/,"52,148"
150,2018-02-12 17:32:16.805373,@mayaa_xoxx ben la!!!ğŸ˜,True,"7,927",2018-02-10T07:15:08.000Z,https://www.instagram.com/p/BfAeWPMn1AV/,"52,148"
151,2018-02-12 17:32:16.805373,@kaylawestie,True,"7,927",2018-02-10T07:15:08.000Z,https://www.instagram.com/p/BfAeWPMn1AV/,"52,148"
152,2018-02-12 17:32:16.805373,Essa lambida no pescoÃ§o tÃ¡ muito gostosa,True,"7,927",2018-02-10T07:15:08.000Z,https://www.instagram.com/p/BfAeWPMn1AV/,"52,148"
153,2018-02-12 17:32:16.805373,@danielauppsi,True,"7,927",2018-02-10T07:15:08.000Z,https://www.instagram.com/p/BfAeWPMn1AV/,"52,148"
154,2018-02-12 17:32:16.805373,Nice ğŸ‘ğŸ»,True,"7,927",2018-02-10T07:15:08.000Z,https://www.instagram.com/p/BfAeWPMn1AV/,"52,148"
155,2018-02-12 17:32:16.805373,@rovtolosa tu i jo jijiji,True,"7,927",2018-02-10T07:15:08.000Z,https://www.instagram.com/p/BfAeWPMn1AV/,"52,148"
156,2018-02-12 17:32:16.805373,Awwwww ğŸ˜»,True,"7,927",2018-02-10T07:15:08.000Z,https://www.instagram.com/p/BfAeWPMn1AV/,"52,148"
157,2018-02-12 17:32:16.805373,Eita carnaval ta ai @iaralima07,True,"7,927",2018-02-10T07:15:08.000Z,https://www.instagram.com/p/BfAeWPMn1AV/,"52,148"
158,2018-02-12 17:32:16.805373,@ilanaavila,True,"7,927",2018-02-10T07:15:08.000Z,https://www.instagram.com/p/BfAeWPMn1AV/,"52,148"
159,2018-02-12 17:32:16.805373,@omateus32 tÃ´ apaixonada ğŸ˜ğŸ˜ğŸ˜ğŸ˜,True,"7,927",2018-02-10T07:15:08.000Z,https://www.instagram.com/p/BfAeWPMn1AV/,"52,148"
160,2018-02-12 17:32:16.805373,@bucaro96 me when Iâ€™m at the club with you and you say â€œ weâ€™re in publicâ€ ğŸ˜‚ğŸ¤£,True,"7,927",2018-02-10T07:15:08.000Z,https://www.instagram.com/p/BfAeWPMn1AV/,"52,148"
161,2018-02-12 17:32:16.805373,Nice one video,True,"7,927",2018-02-10T07:15:08.000Z,https://www.instagram.com/p/BfAeWPMn1AV/,"52,148"
162,2018-02-12 17:32:16.805373,@charliiiiine oh ouiiiii !!!,True,"7,927",2018-02-10T07:15:08.000Z,https://www.instagram.com/p/BfAeWPMn1AV/,"52,148"
